{
  "project_info": {
    "project_number": "251713139814",
    "project_id": "learning-mngmt-syst",
    "storage_bucket": "learning-mngmt-syst.appspot.com"
  },
  "client": [
    {
      "client_info": {
        "mobilesdk_app_id": "1:251713139814:android:c49c2efcfc82f5a953e9a7",
        "android_client_info": {
          "package_name": "com.example.ui_lms_screens"
        }
      },
      "oauth_client": [
        {
          "client_id": "251713139814-1e7uhpg1a4ok49dj1in6q9vm710q3k9v.apps.googleusercontent.com",
          "client_type": 1,
          "android_info": {
            "package_name": "com.example.ui_lms_screens",
            "certificate_hash": "1e258764b308e77fe4e4367993edb560be14f5fa"
          }
        },
        {
          "client_id": "251713139814-levph5gtb2rhcvn3hfd51upe9oo7uk68.apps.googleusercontent.com",
          "client_type": 3
        }
      ],
      "api_key": [
        {
          "current_key": "AIzaSyB0XhbvEHeI1a_91udC-fKH1RwnEhHddqY"
        }
      ],
      "services": {
        "appinvite_service": {
          "other_platform_oauth_client": [
            {
              "client_id": "251713139814-levph5gtb2rhcvn3hfd51upe9oo7uk68.apps.googleusercontent.com",
              "client_type": 3
            }
          ]
        }
      }
    }
  ],
  "configuration_version": "1"
}